{"accuracy": [0.02857142873108387, 0.04141252115368843, 0.06516853719949722, 0.0853932574391365, 0.1313001662492752, 0.17431782186031342, 0.2247191071510315, 0.2635633945465088, 0.3316211998462677, 0.3861958384513855, 0.4215088188648224, 0.4709470272064209, 0.5200642347335815, 0.5556982159614563, 0.5839486122131348, 0.615730345249176, 0.6298555135726929, 0.650722324848175, 0.6670947074890137, 0.6930978894233704, 0.71685391664505, 0.7316212058067322, 0.7252006530761719, 0.7505617737770081, 0.7524879574775696, 0.7775281071662903, 0.7752808928489685, 0.7868378758430481, 0.7913322448730469, 0.7948635816574097], "loss": [12.90716552734375, 3.801285982131958, 3.885810613632202, 3.8335671424865723, 3.5131993293762207, 3.7348434925079346, 3.426154613494873, 3.7767999172210693, 2.716115951538086, 2.848308563232422, 2.991523504257202, 2.3059232234954834, 2.0533413887023926, 1.9288915395736694, 2.2683286666870117, 1.7457374334335327, 1.6397305727005005, 1.5246567726135254, 1.6237103939056396, 1.4186681509017944, 1.456364631652832, 1.34425687789917, 1.7692793607711792, 1.1489933729171753, 1.2926408052444458, 1.1105107069015503, 1.4683711528778076, 1.0465610027313232, 1.1794217824935913, 1.1644164323806763], "val_accuracy": [0.0683760717511177, 0.04273504391312599, 0.0883190855383873, 0.07977207750082016, 0.2849002778530121, 0.37321937084198, 0.4900285005569458, 0.5555555820465088, 0.5470085740089417, 0.45299145579338074, 0.6723646521568298, 0.6381766200065613, 0.7179487347602844, 0.7094017267227173, 0.6552706360816956, 0.752136766910553, 0.6296296119689941, 0.8148148059844971, 0.809116780757904, 0.8005697727203369, 0.7863247990608215, 0.8490028381347656, 0.8547008633613586, 0.8575498461723328, 0.8575498461723328, 0.7635327577590942, 0.7834757566452026, 0.8831908702850342, 0.8461538553237915, 0.9002848863601685], "val_loss": [3.5415279865264893, 3.919955253601074, 3.480130672454834, 3.9908969402313232, 3.0120038986206055, 2.58207368850708, 2.1831939220428467, 1.9799822568893433, 2.051388740539551, 3.0177841186523438, 1.617064356803894, 1.7998892068862915, 1.7053673267364502, 1.4741321802139282, 2.1746935844421387, 1.5084638595581055, 1.807314395904541, 1.2227208614349365, 1.4867690801620483, 1.3547736406326294, 1.619636058807373, 1.226638913154602, 1.1932637691497803, 1.2159479856491089, 1.137237548828125, 2.4748146533966064, 1.3396611213684082, 1.3187922239303589, 1.4388996362686157, 1.2491148710250854]}